dataset,combo_name,trial_id,update_strategy,coverage,alpha,beta,evaporation,ants,tau_gap,use_2opt,use_or_opt,use_node_exchange,ls_top_ants,best_length,elapsed_seconds
gray_gradient.bin,alpha=1.2_beta=5,1,iteration_best,0.5,1.2,5,0.2,64,250,0,0,0,5,4652.8128,1.373513
gray_gradient.bin,alpha=1.2_beta=5,2,iteration_best,0.5,1.2,5,0.2,64,250,0,0,0,5,4670.0234,1.353934
gray_gradient.bin,alpha=1.2_beta=5,3,iteration_best,0.5,1.2,5,0.2,64,250,0,0,0,5,4643.0975,1.387817
gray_gradient.bin,alpha=1.2_beta=5,4,iteration_best,0.5,1.2,5,0.2,64,250,0,0,0,5,4544.0163,1.363530
gray_gradient.bin,alpha=1.2_beta=5,5,iteration_best,0.5,1.2,5,0.2,64,250,0,0,0,5,4586.8746,1.366462
gray_gradient.bin,alpha=1.2_beta=5,6,iteration_best,0.5,1.2,5,0.2,64,250,0,0,0,5,4662.8989,1.362140
gray_gradient.bin,alpha=1.2_beta=5,7,iteration_best,0.5,1.2,5,0.2,64,250,0,0,0,5,4745.1305,1.379134
gray_gradient.bin,alpha=1.2_beta=5,8,iteration_best,0.5,1.2,5,0.2,64,250,0,0,0,5,4556.8789,1.347400
gray_gradient.bin,alpha=1.2_beta=5,9,iteration_best,0.5,1.2,5,0.2,64,250,0,0,0,5,4782.1207,1.335545
gray_gradient.bin,alpha=1.2_beta=5,10,iteration_best,0.5,1.2,5,0.2,64,250,0,0,0,5,4554.8200,1.354249
gray_gradient.bin,alpha=1.2_beta=5,11,iteration_best,0.5,1.2,5,0.2,64,250,0,0,0,5,4725.9342,1.322407
gray_gradient.bin,alpha=1.2_beta=5,12,iteration_best,0.5,1.2,5,0.2,64,250,0,0,0,5,4648.3870,1.354216
gray_gradient.bin,alpha=1.2_beta=5,13,iteration_best,0.5,1.2,5,0.2,64,250,0,0,0,5,4627.4141,1.351621
gray_gradient.bin,alpha=1.2_beta=5,14,iteration_best,0.5,1.2,5,0.2,64,250,0,0,0,5,4686.1431,1.497765
gray_gradient.bin,alpha=1.2_beta=5,15,iteration_best,0.5,1.2,5,0.2,64,250,0,0,0,5,4661.1766,1.425573
gray_gradient.bin,alpha=1.2_beta=6,1,iteration_best,0.5,1.2,6,0.2,64,250,0,0,0,5,4594.6561,1.389960
gray_gradient.bin,alpha=1.2_beta=6,2,iteration_best,0.5,1.2,6,0.2,64,250,0,0,0,5,4601.6636,1.517211
gray_gradient.bin,alpha=1.2_beta=6,3,iteration_best,0.5,1.2,6,0.2,64,250,0,0,0,5,4590.5869,1.440460
gray_gradient.bin,alpha=1.2_beta=6,4,iteration_best,0.5,1.2,6,0.2,64,250,0,0,0,5,4579.6826,1.371710
gray_gradient.bin,alpha=1.2_beta=6,5,iteration_best,0.5,1.2,6,0.2,64,250,0,0,0,5,4626.4346,1.367004
gray_gradient.bin,alpha=1.2_beta=6,6,iteration_best,0.5,1.2,6,0.2,64,250,0,0,0,5,4610.4614,1.351212
gray_gradient.bin,alpha=1.2_beta=6,7,iteration_best,0.5,1.2,6,0.2,64,250,0,0,0,5,4601.5174,1.357389
gray_gradient.bin,alpha=1.2_beta=6,8,iteration_best,0.5,1.2,6,0.2,64,250,0,0,0,5,4634.3058,1.353256
gray_gradient.bin,alpha=1.2_beta=6,9,iteration_best,0.5,1.2,6,0.2,64,250,0,0,0,5,4627.3586,1.322873
gray_gradient.bin,alpha=1.2_beta=6,10,iteration_best,0.5,1.2,6,0.2,64,250,0,0,0,5,4583.8067,1.556152
gray_gradient.bin,alpha=1.2_beta=6,11,iteration_best,0.5,1.2,6,0.2,64,250,0,0,0,5,4594.7191,1.445849
gray_gradient.bin,alpha=1.2_beta=6,12,iteration_best,0.5,1.2,6,0.2,64,250,0,0,0,5,4561.3502,1.384847
gray_gradient.bin,alpha=1.2_beta=6,13,iteration_best,0.5,1.2,6,0.2,64,250,0,0,0,5,4605.2289,1.399355
gray_gradient.bin,alpha=1.2_beta=6,14,iteration_best,0.5,1.2,6,0.2,64,250,0,0,0,5,4663.6688,1.363033
gray_gradient.bin,alpha=1.2_beta=6,15,iteration_best,0.5,1.2,6,0.2,64,250,0,0,0,5,4580.7417,1.356797
gray_gradient.bin,alpha=1.2_beta=7,1,iteration_best,0.5,1.2,7,0.2,64,250,0,0,0,5,4578.8060,1.340250
gray_gradient.bin,alpha=1.2_beta=7,2,iteration_best,0.5,1.2,7,0.2,64,250,0,0,0,5,4698.2624,1.355575
gray_gradient.bin,alpha=1.2_beta=7,3,iteration_best,0.5,1.2,7,0.2,64,250,0,0,0,5,4672.0815,1.337901
gray_gradient.bin,alpha=1.2_beta=7,4,iteration_best,0.5,1.2,7,0.2,64,250,0,0,0,5,4572.0705,1.364385
gray_gradient.bin,alpha=1.2_beta=7,5,iteration_best,0.5,1.2,7,0.2,64,250,0,0,0,5,4659.2978,1.364460
gray_gradient.bin,alpha=1.2_beta=7,6,iteration_best,0.5,1.2,7,0.2,64,250,0,0,0,5,4706.0268,1.374555
gray_gradient.bin,alpha=1.2_beta=7,7,iteration_best,0.5,1.2,7,0.2,64,250,0,0,0,5,4523.1128,1.357687
gray_gradient.bin,alpha=1.2_beta=7,8,iteration_best,0.5,1.2,7,0.2,64,250,0,0,0,5,4664.9112,1.358506
gray_gradient.bin,alpha=1.2_beta=7,9,iteration_best,0.5,1.2,7,0.2,64,250,0,0,0,5,4657.6812,1.364295
gray_gradient.bin,alpha=1.2_beta=7,10,iteration_best,0.5,1.2,7,0.2,64,250,0,0,0,5,4571.3165,1.467033
gray_gradient.bin,alpha=1.2_beta=7,11,iteration_best,0.5,1.2,7,0.2,64,250,0,0,0,5,4672.4569,1.611889
gray_gradient.bin,alpha=1.2_beta=7,12,iteration_best,0.5,1.2,7,0.2,64,250,0,0,0,5,4644.8345,1.621424
gray_gradient.bin,alpha=1.2_beta=7,13,iteration_best,0.5,1.2,7,0.2,64,250,0,0,0,5,4630.0614,1.658970
gray_gradient.bin,alpha=1.2_beta=7,14,iteration_best,0.5,1.2,7,0.2,64,250,0,0,0,5,4547.9550,1.429944
gray_gradient.bin,alpha=1.2_beta=7,15,iteration_best,0.5,1.2,7,0.2,64,250,0,0,0,5,4680.5037,1.502929
gray_gradient.bin,alpha=1.2_beta=8,1,iteration_best,0.5,1.2,8,0.2,64,250,0,0,0,5,4714.2272,1.367429
gray_gradient.bin,alpha=1.2_beta=8,2,iteration_best,0.5,1.2,8,0.2,64,250,0,0,0,5,4698.9143,1.378654
gray_gradient.bin,alpha=1.2_beta=8,3,iteration_best,0.5,1.2,8,0.2,64,250,0,0,0,5,4631.8309,1.357954
gray_gradient.bin,alpha=1.2_beta=8,4,iteration_best,0.5,1.2,8,0.2,64,250,0,0,0,5,4626.5338,1.345561
gray_gradient.bin,alpha=1.2_beta=8,5,iteration_best,0.5,1.2,8,0.2,64,250,0,0,0,5,4569.7639,1.361014
gray_gradient.bin,alpha=1.2_beta=8,6,iteration_best,0.5,1.2,8,0.2,64,250,0,0,0,5,4608.1520,1.358804
gray_gradient.bin,alpha=1.2_beta=8,7,iteration_best,0.5,1.2,8,0.2,64,250,0,0,0,5,4523.7251,1.364038
gray_gradient.bin,alpha=1.2_beta=8,8,iteration_best,0.5,1.2,8,0.2,64,250,0,0,0,5,4583.3668,1.645542
gray_gradient.bin,alpha=1.2_beta=8,9,iteration_best,0.5,1.2,8,0.2,64,250,0,0,0,5,4557.9812,1.444412
gray_gradient.bin,alpha=1.2_beta=8,10,iteration_best,0.5,1.2,8,0.2,64,250,0,0,0,5,4636.1763,1.435416
gray_gradient.bin,alpha=1.2_beta=8,11,iteration_best,0.5,1.2,8,0.2,64,250,0,0,0,5,4527.9664,1.526779
gray_gradient.bin,alpha=1.2_beta=8,12,iteration_best,0.5,1.2,8,0.2,64,250,0,0,0,5,4597.5435,1.422877
gray_gradient.bin,alpha=1.2_beta=8,13,iteration_best,0.5,1.2,8,0.2,64,250,0,0,0,5,4537.2213,1.607009
gray_gradient.bin,alpha=1.2_beta=8,14,iteration_best,0.5,1.2,8,0.2,64,250,0,0,0,5,4725.6899,1.575926
gray_gradient.bin,alpha=1.2_beta=8,15,iteration_best,0.5,1.2,8,0.2,64,250,0,0,0,5,4719.4628,1.462247
gray_gradient.bin,alpha=1.4_beta=5,1,iteration_best,0.5,1.4,5,0.2,64,250,0,0,0,5,4745.1159,1.475788
gray_gradient.bin,alpha=1.4_beta=5,2,iteration_best,0.5,1.4,5,0.2,64,250,0,0,0,5,4576.4470,1.458384
gray_gradient.bin,alpha=1.4_beta=5,3,iteration_best,0.5,1.4,5,0.2,64,250,0,0,0,5,4628.9653,1.422180
gray_gradient.bin,alpha=1.4_beta=5,4,iteration_best,0.5,1.4,5,0.2,64,250,0,0,0,5,4632.3294,1.430126
gray_gradient.bin,alpha=1.4_beta=5,5,iteration_best,0.5,1.4,5,0.2,64,250,0,0,0,5,4719.2494,1.433244
gray_gradient.bin,alpha=1.4_beta=5,6,iteration_best,0.5,1.4,5,0.2,64,250,0,0,0,5,4659.9629,1.413060
gray_gradient.bin,alpha=1.4_beta=5,7,iteration_best,0.5,1.4,5,0.2,64,250,0,0,0,5,4814.1397,1.414515
gray_gradient.bin,alpha=1.4_beta=5,8,iteration_best,0.5,1.4,5,0.2,64,250,0,0,0,5,4599.9218,1.399150
gray_gradient.bin,alpha=1.4_beta=5,9,iteration_best,0.5,1.4,5,0.2,64,250,0,0,0,5,4704.4704,1.440736
gray_gradient.bin,alpha=1.4_beta=5,10,iteration_best,0.5,1.4,5,0.2,64,250,0,0,0,5,4673.4551,1.532384
gray_gradient.bin,alpha=1.4_beta=5,11,iteration_best,0.5,1.4,5,0.2,64,250,0,0,0,5,4690.2284,1.406637
gray_gradient.bin,alpha=1.4_beta=5,12,iteration_best,0.5,1.4,5,0.2,64,250,0,0,0,5,4639.7002,1.421723
gray_gradient.bin,alpha=1.4_beta=5,13,iteration_best,0.5,1.4,5,0.2,64,250,0,0,0,5,4622.3114,1.459910
gray_gradient.bin,alpha=1.4_beta=5,14,iteration_best,0.5,1.4,5,0.2,64,250,0,0,0,5,4619.4715,1.464746
gray_gradient.bin,alpha=1.4_beta=5,15,iteration_best,0.5,1.4,5,0.2,64,250,0,0,0,5,4583.2532,1.419718
gray_gradient.bin,alpha=1.4_beta=6,1,iteration_best,0.5,1.4,6,0.2,64,250,0,0,0,5,4581.0095,1.429580
gray_gradient.bin,alpha=1.4_beta=6,2,iteration_best,0.5,1.4,6,0.2,64,250,0,0,0,5,4734.1467,1.436964
gray_gradient.bin,alpha=1.4_beta=6,3,iteration_best,0.5,1.4,6,0.2,64,250,0,0,0,5,4636.7799,1.423352
gray_gradient.bin,alpha=1.4_beta=6,4,iteration_best,0.5,1.4,6,0.2,64,250,0,0,0,5,4583.0148,1.436636
gray_gradient.bin,alpha=1.4_beta=6,5,iteration_best,0.5,1.4,6,0.2,64,250,0,0,0,5,4639.0315,1.460495
gray_gradient.bin,alpha=1.4_beta=6,6,iteration_best,0.5,1.4,6,0.2,64,250,0,0,0,5,4661.5696,1.565539
gray_gradient.bin,alpha=1.4_beta=6,7,iteration_best,0.5,1.4,6,0.2,64,250,0,0,0,5,4546.3733,1.430673
gray_gradient.bin,alpha=1.4_beta=6,8,iteration_best,0.5,1.4,6,0.2,64,250,0,0,0,5,4691.3312,1.410250
gray_gradient.bin,alpha=1.4_beta=6,9,iteration_best,0.5,1.4,6,0.2,64,250,0,0,0,5,4551.6321,1.446998
gray_gradient.bin,alpha=1.4_beta=6,10,iteration_best,0.5,1.4,6,0.2,64,250,0,0,0,5,4741.3647,1.429373
gray_gradient.bin,alpha=1.4_beta=6,11,iteration_best,0.5,1.4,6,0.2,64,250,0,0,0,5,4632.5018,1.476611
gray_gradient.bin,alpha=1.4_beta=6,12,iteration_best,0.5,1.4,6,0.2,64,250,0,0,0,5,4600.8306,1.416974
gray_gradient.bin,alpha=1.4_beta=6,13,iteration_best,0.5,1.4,6,0.2,64,250,0,0,0,5,4633.8710,1.421965
gray_gradient.bin,alpha=1.4_beta=6,14,iteration_best,0.5,1.4,6,0.2,64,250,0,0,0,5,4698.4913,1.412825
gray_gradient.bin,alpha=1.4_beta=6,15,iteration_best,0.5,1.4,6,0.2,64,250,0,0,0,5,4620.9209,1.434008
gray_gradient.bin,alpha=1.4_beta=7,1,iteration_best,0.5,1.4,7,0.2,64,250,0,0,0,5,4556.8184,1.446491
gray_gradient.bin,alpha=1.4_beta=7,2,iteration_best,0.5,1.4,7,0.2,64,250,0,0,0,5,4683.3394,1.406778
gray_gradient.bin,alpha=1.4_beta=7,3,iteration_best,0.5,1.4,7,0.2,64,250,0,0,0,5,4577.1509,1.403440
gray_gradient.bin,alpha=1.4_beta=7,4,iteration_best,0.5,1.4,7,0.2,64,250,0,0,0,5,4666.0095,1.426017
gray_gradient.bin,alpha=1.4_beta=7,5,iteration_best,0.5,1.4,7,0.2,64,250,0,0,0,5,4624.4051,1.427315
gray_gradient.bin,alpha=1.4_beta=7,6,iteration_best,0.5,1.4,7,0.2,64,250,0,0,0,5,4651.3910,1.407960
gray_gradient.bin,alpha=1.4_beta=7,7,iteration_best,0.5,1.4,7,0.2,64,250,0,0,0,5,4694.0333,1.412552
gray_gradient.bin,alpha=1.4_beta=7,8,iteration_best,0.5,1.4,7,0.2,64,250,0,0,0,5,4572.1633,1.417068
gray_gradient.bin,alpha=1.4_beta=7,9,iteration_best,0.5,1.4,7,0.2,64,250,0,0,0,5,4546.5709,1.416318
gray_gradient.bin,alpha=1.4_beta=7,10,iteration_best,0.5,1.4,7,0.2,64,250,0,0,0,5,4702.5938,1.433168
gray_gradient.bin,alpha=1.4_beta=7,11,iteration_best,0.5,1.4,7,0.2,64,250,0,0,0,5,4720.7381,1.493052
gray_gradient.bin,alpha=1.4_beta=7,12,iteration_best,0.5,1.4,7,0.2,64,250,0,0,0,5,4514.4129,1.517916
gray_gradient.bin,alpha=1.4_beta=7,13,iteration_best,0.5,1.4,7,0.2,64,250,0,0,0,5,4597.8569,1.417788
gray_gradient.bin,alpha=1.4_beta=7,14,iteration_best,0.5,1.4,7,0.2,64,250,0,0,0,5,4642.3067,1.428921
gray_gradient.bin,alpha=1.4_beta=7,15,iteration_best,0.5,1.4,7,0.2,64,250,0,0,0,5,4627.3207,1.417283
gray_gradient.bin,alpha=1.4_beta=8,1,iteration_best,0.5,1.4,8,0.2,64,250,0,0,0,5,4527.3157,1.435588
gray_gradient.bin,alpha=1.4_beta=8,2,iteration_best,0.5,1.4,8,0.2,64,250,0,0,0,5,4768.0240,1.399770
gray_gradient.bin,alpha=1.4_beta=8,3,iteration_best,0.5,1.4,8,0.2,64,250,0,0,0,5,4627.6485,1.390580
gray_gradient.bin,alpha=1.4_beta=8,4,iteration_best,0.5,1.4,8,0.2,64,250,0,0,0,5,4607.1647,1.441687
gray_gradient.bin,alpha=1.4_beta=8,5,iteration_best,0.5,1.4,8,0.2,64,250,0,0,0,5,4641.3559,1.464357
gray_gradient.bin,alpha=1.4_beta=8,6,iteration_best,0.5,1.4,8,0.2,64,250,0,0,0,5,4582.5141,1.416889
gray_gradient.bin,alpha=1.4_beta=8,7,iteration_best,0.5,1.4,8,0.2,64,250,0,0,0,5,4548.5117,1.448925
gray_gradient.bin,alpha=1.4_beta=8,8,iteration_best,0.5,1.4,8,0.2,64,250,0,0,0,5,4616.7527,1.406412
gray_gradient.bin,alpha=1.4_beta=8,9,iteration_best,0.5,1.4,8,0.2,64,250,0,0,0,5,4647.4625,1.410235
gray_gradient.bin,alpha=1.4_beta=8,10,iteration_best,0.5,1.4,8,0.2,64,250,0,0,0,5,4658.6885,1.425423
gray_gradient.bin,alpha=1.4_beta=8,11,iteration_best,0.5,1.4,8,0.2,64,250,0,0,0,5,4550.0206,1.416189
gray_gradient.bin,alpha=1.4_beta=8,12,iteration_best,0.5,1.4,8,0.2,64,250,0,0,0,5,4674.3325,1.438796
gray_gradient.bin,alpha=1.4_beta=8,13,iteration_best,0.5,1.4,8,0.2,64,250,0,0,0,5,4575.9576,1.426623
gray_gradient.bin,alpha=1.4_beta=8,14,iteration_best,0.5,1.4,8,0.2,64,250,0,0,0,5,4570.7704,1.420038
gray_gradient.bin,alpha=1.4_beta=8,15,iteration_best,0.5,1.4,8,0.2,64,250,0,0,0,5,4660.7204,1.412226
gray_gradient.bin,alpha=1.6_beta=5,1,iteration_best,0.5,1.6,5,0.2,64,250,0,0,0,5,4726.7711,1.434244
gray_gradient.bin,alpha=1.6_beta=5,2,iteration_best,0.5,1.6,5,0.2,64,250,0,0,0,5,4712.1415,1.458995
gray_gradient.bin,alpha=1.6_beta=5,3,iteration_best,0.5,1.6,5,0.2,64,250,0,0,0,5,4648.7602,1.429750
gray_gradient.bin,alpha=1.6_beta=5,4,iteration_best,0.5,1.6,5,0.2,64,250,0,0,0,5,4688.7388,1.423311
gray_gradient.bin,alpha=1.6_beta=5,5,iteration_best,0.5,1.6,5,0.2,64,250,0,0,0,5,4634.9763,1.426796
gray_gradient.bin,alpha=1.6_beta=5,6,iteration_best,0.5,1.6,5,0.2,64,250,0,0,0,5,4659.3005,1.420900
gray_gradient.bin,alpha=1.6_beta=5,7,iteration_best,0.5,1.6,5,0.2,64,250,0,0,0,5,4605.0051,1.416901
gray_gradient.bin,alpha=1.6_beta=5,8,iteration_best,0.5,1.6,5,0.2,64,250,0,0,0,5,4647.3017,1.426661
gray_gradient.bin,alpha=1.6_beta=5,9,iteration_best,0.5,1.6,5,0.2,64,250,0,0,0,5,4553.9677,1.408047
gray_gradient.bin,alpha=1.6_beta=5,10,iteration_best,0.5,1.6,5,0.2,64,250,0,0,0,5,4657.7287,1.432330
gray_gradient.bin,alpha=1.6_beta=5,11,iteration_best,0.5,1.6,5,0.2,64,250,0,0,0,5,4616.2197,1.427194
gray_gradient.bin,alpha=1.6_beta=5,12,iteration_best,0.5,1.6,5,0.2,64,250,0,0,0,5,4691.8537,1.451558
gray_gradient.bin,alpha=1.6_beta=5,13,iteration_best,0.5,1.6,5,0.2,64,250,0,0,0,5,4615.0066,1.450385
gray_gradient.bin,alpha=1.6_beta=5,14,iteration_best,0.5,1.6,5,0.2,64,250,0,0,0,5,4665.2404,1.446267
gray_gradient.bin,alpha=1.6_beta=5,15,iteration_best,0.5,1.6,5,0.2,64,250,0,0,0,5,4726.0877,1.394964
gray_gradient.bin,alpha=1.6_beta=6,1,iteration_best,0.5,1.6,6,0.2,64,250,0,0,0,5,4682.4511,1.423352
gray_gradient.bin,alpha=1.6_beta=6,2,iteration_best,0.5,1.6,6,0.2,64,250,0,0,0,5,4628.5297,1.442540
gray_gradient.bin,alpha=1.6_beta=6,3,iteration_best,0.5,1.6,6,0.2,64,250,0,0,0,5,4861.7469,1.373933
gray_gradient.bin,alpha=1.6_beta=6,4,iteration_best,0.5,1.6,6,0.2,64,250,0,0,0,5,4750.6569,1.503526
gray_gradient.bin,alpha=1.6_beta=6,5,iteration_best,0.5,1.6,6,0.2,64,250,0,0,0,5,4635.3768,1.434751
gray_gradient.bin,alpha=1.6_beta=6,6,iteration_best,0.5,1.6,6,0.2,64,250,0,0,0,5,4667.0122,1.427759
gray_gradient.bin,alpha=1.6_beta=6,7,iteration_best,0.5,1.6,6,0.2,64,250,0,0,0,5,4601.6707,1.411489
gray_gradient.bin,alpha=1.6_beta=6,8,iteration_best,0.5,1.6,6,0.2,64,250,0,0,0,5,4739.2904,1.437423
gray_gradient.bin,alpha=1.6_beta=6,9,iteration_best,0.5,1.6,6,0.2,64,250,0,0,0,5,4635.7937,1.446912
gray_gradient.bin,alpha=1.6_beta=6,10,iteration_best,0.5,1.6,6,0.2,64,250,0,0,0,5,4634.0556,1.533213
gray_gradient.bin,alpha=1.6_beta=6,11,iteration_best,0.5,1.6,6,0.2,64,250,0,0,0,5,4608.2630,1.419246
gray_gradient.bin,alpha=1.6_beta=6,12,iteration_best,0.5,1.6,6,0.2,64,250,0,0,0,5,4789.7828,1.419630
gray_gradient.bin,alpha=1.6_beta=6,13,iteration_best,0.5,1.6,6,0.2,64,250,0,0,0,5,4646.2988,1.442734
gray_gradient.bin,alpha=1.6_beta=6,14,iteration_best,0.5,1.6,6,0.2,64,250,0,0,0,5,4653.0292,1.418360
gray_gradient.bin,alpha=1.6_beta=6,15,iteration_best,0.5,1.6,6,0.2,64,250,0,0,0,5,4558.9419,1.432427
gray_gradient.bin,alpha=1.6_beta=7,1,iteration_best,0.5,1.6,7,0.2,64,250,0,0,0,5,4578.9279,1.423480
gray_gradient.bin,alpha=1.6_beta=7,2,iteration_best,0.5,1.6,7,0.2,64,250,0,0,0,5,4625.7893,1.420519
gray_gradient.bin,alpha=1.6_beta=7,3,iteration_best,0.5,1.6,7,0.2,64,250,0,0,0,5,4513.7623,1.393991
gray_gradient.bin,alpha=1.6_beta=7,4,iteration_best,0.5,1.6,7,0.2,64,250,0,0,0,5,4602.0818,1.453467
gray_gradient.bin,alpha=1.6_beta=7,5,iteration_best,0.5,1.6,7,0.2,64,250,0,0,0,5,4693.8859,1.409021
gray_gradient.bin,alpha=1.6_beta=7,6,iteration_best,0.5,1.6,7,0.2,64,250,0,0,0,5,4594.9034,1.420014
gray_gradient.bin,alpha=1.6_beta=7,7,iteration_best,0.5,1.6,7,0.2,64,250,0,0,0,5,4642.1133,1.423661
gray_gradient.bin,alpha=1.6_beta=7,8,iteration_best,0.5,1.6,7,0.2,64,250,0,0,0,5,4639.6503,1.420743
gray_gradient.bin,alpha=1.6_beta=7,9,iteration_best,0.5,1.6,7,0.2,64,250,0,0,0,5,4594.3418,1.433509
gray_gradient.bin,alpha=1.6_beta=7,10,iteration_best,0.5,1.6,7,0.2,64,250,0,0,0,5,4654.5432,1.418751
gray_gradient.bin,alpha=1.6_beta=7,11,iteration_best,0.5,1.6,7,0.2,64,250,0,0,0,5,4623.5018,1.431493
gray_gradient.bin,alpha=1.6_beta=7,12,iteration_best,0.5,1.6,7,0.2,64,250,0,0,0,5,4719.0843,1.404162
gray_gradient.bin,alpha=1.6_beta=7,13,iteration_best,0.5,1.6,7,0.2,64,250,0,0,0,5,4672.4733,1.391945
gray_gradient.bin,alpha=1.6_beta=7,14,iteration_best,0.5,1.6,7,0.2,64,250,0,0,0,5,4538.0900,1.458980
gray_gradient.bin,alpha=1.6_beta=7,15,iteration_best,0.5,1.6,7,0.2,64,250,0,0,0,5,4519.2960,1.419902
gray_gradient.bin,alpha=1.6_beta=8,1,iteration_best,0.5,1.6,8,0.2,64,250,0,0,0,5,4651.0198,1.435986
gray_gradient.bin,alpha=1.6_beta=8,2,iteration_best,0.5,1.6,8,0.2,64,250,0,0,0,5,4670.1350,1.396832
gray_gradient.bin,alpha=1.6_beta=8,3,iteration_best,0.5,1.6,8,0.2,64,250,0,0,0,5,4628.6902,1.428011
gray_gradient.bin,alpha=1.6_beta=8,4,iteration_best,0.5,1.6,8,0.2,64,250,0,0,0,5,4665.2062,1.423080
gray_gradient.bin,alpha=1.6_beta=8,5,iteration_best,0.5,1.6,8,0.2,64,250,0,0,0,5,4721.8245,1.426253
gray_gradient.bin,alpha=1.6_beta=8,6,iteration_best,0.5,1.6,8,0.2,64,250,0,0,0,5,4609.9635,1.423641
gray_gradient.bin,alpha=1.6_beta=8,7,iteration_best,0.5,1.6,8,0.2,64,250,0,0,0,5,4606.7502,1.397960
gray_gradient.bin,alpha=1.6_beta=8,8,iteration_best,0.5,1.6,8,0.2,64,250,0,0,0,5,4684.0057,1.420034
gray_gradient.bin,alpha=1.6_beta=8,9,iteration_best,0.5,1.6,8,0.2,64,250,0,0,0,5,4642.2722,1.407190
gray_gradient.bin,alpha=1.6_beta=8,10,iteration_best,0.5,1.6,8,0.2,64,250,0,0,0,5,4595.3090,1.566774
gray_gradient.bin,alpha=1.6_beta=8,11,iteration_best,0.5,1.6,8,0.2,64,250,0,0,0,5,4604.1988,1.418889
gray_gradient.bin,alpha=1.6_beta=8,12,iteration_best,0.5,1.6,8,0.2,64,250,0,0,0,5,4735.9860,1.412821
gray_gradient.bin,alpha=1.6_beta=8,13,iteration_best,0.5,1.6,8,0.2,64,250,0,0,0,5,4557.2588,1.456033
gray_gradient.bin,alpha=1.6_beta=8,14,iteration_best,0.5,1.6,8,0.2,64,250,0,0,0,5,4552.9430,1.455532
gray_gradient.bin,alpha=1.6_beta=8,15,iteration_best,0.5,1.6,8,0.2,64,250,0,0,0,5,4602.2489,1.536698
gray_gradient.bin,alpha=1.8_beta=5,1,iteration_best,0.5,1.8,5,0.2,64,250,0,0,0,5,4801.3298,1.461971
gray_gradient.bin,alpha=1.8_beta=5,2,iteration_best,0.5,1.8,5,0.2,64,250,0,0,0,5,4722.0445,1.365113
gray_gradient.bin,alpha=1.8_beta=5,3,iteration_best,0.5,1.8,5,0.2,64,250,0,0,0,5,4756.4875,1.380254
gray_gradient.bin,alpha=1.8_beta=5,4,iteration_best,0.5,1.8,5,0.2,64,250,0,0,0,5,4707.1312,1.516698
gray_gradient.bin,alpha=1.8_beta=5,5,iteration_best,0.5,1.8,5,0.2,64,250,0,0,0,5,4620.0953,1.512047
gray_gradient.bin,alpha=1.8_beta=5,6,iteration_best,0.5,1.8,5,0.2,64,250,0,0,0,5,4745.6971,1.365443
gray_gradient.bin,alpha=1.8_beta=5,7,iteration_best,0.5,1.8,5,0.2,64,250,0,0,0,5,4723.3742,1.506478
gray_gradient.bin,alpha=1.8_beta=5,8,iteration_best,0.5,1.8,5,0.2,64,250,0,0,0,5,4793.7598,1.415347
gray_gradient.bin,alpha=1.8_beta=5,9,iteration_best,0.5,1.8,5,0.2,64,250,0,0,0,5,4728.0308,1.464875
gray_gradient.bin,alpha=1.8_beta=5,10,iteration_best,0.5,1.8,5,0.2,64,250,0,0,0,5,4856.1082,1.500730
gray_gradient.bin,alpha=1.8_beta=5,11,iteration_best,0.5,1.8,5,0.2,64,250,0,0,0,5,4735.6564,1.477503
gray_gradient.bin,alpha=1.8_beta=5,12,iteration_best,0.5,1.8,5,0.2,64,250,0,0,0,5,4694.5077,1.415087
gray_gradient.bin,alpha=1.8_beta=5,13,iteration_best,0.5,1.8,5,0.2,64,250,0,0,0,5,4818.8259,1.408864
gray_gradient.bin,alpha=1.8_beta=5,14,iteration_best,0.5,1.8,5,0.2,64,250,0,0,0,5,4834.6693,1.366659
gray_gradient.bin,alpha=1.8_beta=5,15,iteration_best,0.5,1.8,5,0.2,64,250,0,0,0,5,4837.6187,1.356765
gray_gradient.bin,alpha=1.8_beta=6,1,iteration_best,0.5,1.8,6,0.2,64,250,0,0,0,5,4731.5070,1.348657
gray_gradient.bin,alpha=1.8_beta=6,2,iteration_best,0.5,1.8,6,0.2,64,250,0,0,0,5,4746.8651,1.360757
gray_gradient.bin,alpha=1.8_beta=6,3,iteration_best,0.5,1.8,6,0.2,64,250,0,0,0,5,4643.1048,1.355009
gray_gradient.bin,alpha=1.8_beta=6,4,iteration_best,0.5,1.8,6,0.2,64,250,0,0,0,5,4695.8176,1.415458
gray_gradient.bin,alpha=1.8_beta=6,5,iteration_best,0.5,1.8,6,0.2,64,250,0,0,0,5,4663.6679,1.383057
gray_gradient.bin,alpha=1.8_beta=6,6,iteration_best,0.5,1.8,6,0.2,64,250,0,0,0,5,4769.1034,1.370588
gray_gradient.bin,alpha=1.8_beta=6,7,iteration_best,0.5,1.8,6,0.2,64,250,0,0,0,5,4596.4915,1.398252
gray_gradient.bin,alpha=1.8_beta=6,8,iteration_best,0.5,1.8,6,0.2,64,250,0,0,0,5,4746.2022,1.360249
gray_gradient.bin,alpha=1.8_beta=6,9,iteration_best,0.5,1.8,6,0.2,64,250,0,0,0,5,4701.8337,1.368246
gray_gradient.bin,alpha=1.8_beta=6,10,iteration_best,0.5,1.8,6,0.2,64,250,0,0,0,5,4609.4733,1.407833
gray_gradient.bin,alpha=1.8_beta=6,11,iteration_best,0.5,1.8,6,0.2,64,250,0,0,0,5,4814.3585,1.404097
gray_gradient.bin,alpha=1.8_beta=6,12,iteration_best,0.5,1.8,6,0.2,64,250,0,0,0,5,4711.3160,1.393127
gray_gradient.bin,alpha=1.8_beta=6,13,iteration_best,0.5,1.8,6,0.2,64,250,0,0,0,5,4900.9965,1.350629
gray_gradient.bin,alpha=1.8_beta=6,14,iteration_best,0.5,1.8,6,0.2,64,250,0,0,0,5,4616.6830,1.373795
gray_gradient.bin,alpha=1.8_beta=6,15,iteration_best,0.5,1.8,6,0.2,64,250,0,0,0,5,4584.6860,1.380752
gray_gradient.bin,alpha=1.8_beta=7,1,iteration_best,0.5,1.8,7,0.2,64,250,0,0,0,5,4777.5281,1.393270
gray_gradient.bin,alpha=1.8_beta=7,2,iteration_best,0.5,1.8,7,0.2,64,250,0,0,0,5,4747.4929,1.384441
gray_gradient.bin,alpha=1.8_beta=7,3,iteration_best,0.5,1.8,7,0.2,64,250,0,0,0,5,4717.0499,1.385471
gray_gradient.bin,alpha=1.8_beta=7,4,iteration_best,0.5,1.8,7,0.2,64,250,0,0,0,5,4628.7363,1.542767
gray_gradient.bin,alpha=1.8_beta=7,5,iteration_best,0.5,1.8,7,0.2,64,250,0,0,0,5,4711.0540,1.435096
gray_gradient.bin,alpha=1.8_beta=7,6,iteration_best,0.5,1.8,7,0.2,64,250,0,0,0,5,4630.1827,1.418469
gray_gradient.bin,alpha=1.8_beta=7,7,iteration_best,0.5,1.8,7,0.2,64,250,0,0,0,5,4698.4707,1.537048
gray_gradient.bin,alpha=1.8_beta=7,8,iteration_best,0.5,1.8,7,0.2,64,250,0,0,0,5,4773.4678,1.418746
gray_gradient.bin,alpha=1.8_beta=7,9,iteration_best,0.5,1.8,7,0.2,64,250,0,0,0,5,4764.2969,1.447700
gray_gradient.bin,alpha=1.8_beta=7,10,iteration_best,0.5,1.8,7,0.2,64,250,0,0,0,5,4546.6383,1.422597
gray_gradient.bin,alpha=1.8_beta=7,11,iteration_best,0.5,1.8,7,0.2,64,250,0,0,0,5,4574.4900,1.418495
gray_gradient.bin,alpha=1.8_beta=7,12,iteration_best,0.5,1.8,7,0.2,64,250,0,0,0,5,4600.4053,1.434976
gray_gradient.bin,alpha=1.8_beta=7,13,iteration_best,0.5,1.8,7,0.2,64,250,0,0,0,5,4631.4510,1.430713
gray_gradient.bin,alpha=1.8_beta=7,14,iteration_best,0.5,1.8,7,0.2,64,250,0,0,0,5,4612.7965,1.467160
gray_gradient.bin,alpha=1.8_beta=7,15,iteration_best,0.5,1.8,7,0.2,64,250,0,0,0,5,4709.8933,1.458348
gray_gradient.bin,alpha=1.8_beta=8,1,iteration_best,0.5,1.8,8,0.2,64,250,0,0,0,5,4653.4352,1.469432
gray_gradient.bin,alpha=1.8_beta=8,2,iteration_best,0.5,1.8,8,0.2,64,250,0,0,0,5,4732.2228,1.523642
gray_gradient.bin,alpha=1.8_beta=8,3,iteration_best,0.5,1.8,8,0.2,64,250,0,0,0,5,4605.2547,1.428359
gray_gradient.bin,alpha=1.8_beta=8,4,iteration_best,0.5,1.8,8,0.2,64,250,0,0,0,5,4569.4953,1.424543
gray_gradient.bin,alpha=1.8_beta=8,5,iteration_best,0.5,1.8,8,0.2,64,250,0,0,0,5,4709.8003,1.473863
gray_gradient.bin,alpha=1.8_beta=8,6,iteration_best,0.5,1.8,8,0.2,64,250,0,0,0,5,4671.3313,1.421532
gray_gradient.bin,alpha=1.8_beta=8,7,iteration_best,0.5,1.8,8,0.2,64,250,0,0,0,5,4594.7945,1.458213
gray_gradient.bin,alpha=1.8_beta=8,8,iteration_best,0.5,1.8,8,0.2,64,250,0,0,0,5,4718.9786,1.421077
gray_gradient.bin,alpha=1.8_beta=8,9,iteration_best,0.5,1.8,8,0.2,64,250,0,0,0,5,4639.7417,1.426010
gray_gradient.bin,alpha=1.8_beta=8,10,iteration_best,0.5,1.8,8,0.2,64,250,0,0,0,5,4625.3963,1.439685
gray_gradient.bin,alpha=1.8_beta=8,11,iteration_best,0.5,1.8,8,0.2,64,250,0,0,0,5,4699.4844,1.419915
gray_gradient.bin,alpha=1.8_beta=8,12,iteration_best,0.5,1.8,8,0.2,64,250,0,0,0,5,4590.8029,1.438617
gray_gradient.bin,alpha=1.8_beta=8,13,iteration_best,0.5,1.8,8,0.2,64,250,0,0,0,5,4650.4066,1.404057
gray_gradient.bin,alpha=1.8_beta=8,14,iteration_best,0.5,1.8,8,0.2,64,250,0,0,0,5,4597.7652,1.415994
gray_gradient.bin,alpha=1.8_beta=8,15,iteration_best,0.5,1.8,8,0.2,64,250,0,0,0,5,4625.3456,1.426735
gray_gradient.bin,alpha=2_beta=5,1,iteration_best,0.5,2,5,0.2,64,250,0,0,0,5,4839.0501,1.411057
gray_gradient.bin,alpha=2_beta=5,2,iteration_best,0.5,2,5,0.2,64,250,0,0,0,5,4819.7597,1.645952
gray_gradient.bin,alpha=2_beta=5,3,iteration_best,0.5,2,5,0.2,64,250,0,0,0,5,4769.8911,1.411838
gray_gradient.bin,alpha=2_beta=5,4,iteration_best,0.5,2,5,0.2,64,250,0,0,0,5,4842.2392,1.522530
gray_gradient.bin,alpha=2_beta=5,5,iteration_best,0.5,2,5,0.2,64,250,0,0,0,5,4801.3782,1.421795
gray_gradient.bin,alpha=2_beta=5,6,iteration_best,0.5,2,5,0.2,64,250,0,0,0,5,4853.2971,1.432264
gray_gradient.bin,alpha=2_beta=5,7,iteration_best,0.5,2,5,0.2,64,250,0,0,0,5,4900.1643,1.439173
gray_gradient.bin,alpha=2_beta=5,8,iteration_best,0.5,2,5,0.2,64,250,0,0,0,5,4837.2072,1.469760
gray_gradient.bin,alpha=2_beta=5,9,iteration_best,0.5,2,5,0.2,64,250,0,0,0,5,4839.7019,1.412772
gray_gradient.bin,alpha=2_beta=5,10,iteration_best,0.5,2,5,0.2,64,250,0,0,0,5,4692.4595,1.441854
gray_gradient.bin,alpha=2_beta=5,11,iteration_best,0.5,2,5,0.2,64,250,0,0,0,5,4715.5640,1.430580
gray_gradient.bin,alpha=2_beta=5,12,iteration_best,0.5,2,5,0.2,64,250,0,0,0,5,4709.0159,1.522919
gray_gradient.bin,alpha=2_beta=5,13,iteration_best,0.5,2,5,0.2,64,250,0,0,0,5,4874.2051,1.675658
gray_gradient.bin,alpha=2_beta=5,14,iteration_best,0.5,2,5,0.2,64,250,0,0,0,5,4899.3107,1.657674
gray_gradient.bin,alpha=2_beta=5,15,iteration_best,0.5,2,5,0.2,64,250,0,0,0,5,4856.7902,1.743025
gray_gradient.bin,alpha=2_beta=6,1,iteration_best,0.5,2,6,0.2,64,250,0,0,0,5,4662.6477,1.593531
gray_gradient.bin,alpha=2_beta=6,2,iteration_best,0.5,2,6,0.2,64,250,0,0,0,5,4711.3748,1.558534
gray_gradient.bin,alpha=2_beta=6,3,iteration_best,0.5,2,6,0.2,64,250,0,0,0,5,4778.4487,1.477331
gray_gradient.bin,alpha=2_beta=6,4,iteration_best,0.5,2,6,0.2,64,250,0,0,0,5,4801.9592,1.458737
gray_gradient.bin,alpha=2_beta=6,5,iteration_best,0.5,2,6,0.2,64,250,0,0,0,5,4792.1018,1.539782
gray_gradient.bin,alpha=2_beta=6,6,iteration_best,0.5,2,6,0.2,64,250,0,0,0,5,4693.5932,1.458912
gray_gradient.bin,alpha=2_beta=6,7,iteration_best,0.5,2,6,0.2,64,250,0,0,0,5,4762.7591,1.564648
gray_gradient.bin,alpha=2_beta=6,8,iteration_best,0.5,2,6,0.2,64,250,0,0,0,5,4648.5186,1.482843
gray_gradient.bin,alpha=2_beta=6,9,iteration_best,0.5,2,6,0.2,64,250,0,0,0,5,4755.2993,1.592624
gray_gradient.bin,alpha=2_beta=6,10,iteration_best,0.5,2,6,0.2,64,250,0,0,0,5,4712.1090,1.526096
gray_gradient.bin,alpha=2_beta=6,11,iteration_best,0.5,2,6,0.2,64,250,0,0,0,5,4706.4663,1.472866
gray_gradient.bin,alpha=2_beta=6,12,iteration_best,0.5,2,6,0.2,64,250,0,0,0,5,4658.2911,1.507157
gray_gradient.bin,alpha=2_beta=6,13,iteration_best,0.5,2,6,0.2,64,250,0,0,0,5,4762.9333,1.540875
gray_gradient.bin,alpha=2_beta=6,14,iteration_best,0.5,2,6,0.2,64,250,0,0,0,5,4838.9494,1.534708
gray_gradient.bin,alpha=2_beta=6,15,iteration_best,0.5,2,6,0.2,64,250,0,0,0,5,4902.1219,1.556148
gray_gradient.bin,alpha=2_beta=7,1,iteration_best,0.5,2,7,0.2,64,250,0,0,0,5,4628.8077,1.543289
gray_gradient.bin,alpha=2_beta=7,2,iteration_best,0.5,2,7,0.2,64,250,0,0,0,5,4750.6640,1.554874
gray_gradient.bin,alpha=2_beta=7,3,iteration_best,0.5,2,7,0.2,64,250,0,0,0,5,4790.6588,1.555949
gray_gradient.bin,alpha=2_beta=7,4,iteration_best,0.5,2,7,0.2,64,250,0,0,0,5,4655.4041,1.605928
gray_gradient.bin,alpha=2_beta=7,5,iteration_best,0.5,2,7,0.2,64,250,0,0,0,5,4637.3398,1.587097
gray_gradient.bin,alpha=2_beta=7,6,iteration_best,0.5,2,7,0.2,64,250,0,0,0,5,4624.9568,1.553761
gray_gradient.bin,alpha=2_beta=7,7,iteration_best,0.5,2,7,0.2,64,250,0,0,0,5,4768.1630,1.498350
gray_gradient.bin,alpha=2_beta=7,8,iteration_best,0.5,2,7,0.2,64,250,0,0,0,5,4738.9559,1.556552
gray_gradient.bin,alpha=2_beta=7,9,iteration_best,0.5,2,7,0.2,64,250,0,0,0,5,4818.1087,1.574401
gray_gradient.bin,alpha=2_beta=7,10,iteration_best,0.5,2,7,0.2,64,250,0,0,0,5,4789.4768,1.695229
gray_gradient.bin,alpha=2_beta=7,11,iteration_best,0.5,2,7,0.2,64,250,0,0,0,5,4742.6143,1.756353
gray_gradient.bin,alpha=2_beta=7,12,iteration_best,0.5,2,7,0.2,64,250,0,0,0,5,4661.5340,1.704786
gray_gradient.bin,alpha=2_beta=7,13,iteration_best,0.5,2,7,0.2,64,250,0,0,0,5,4749.8675,1.869695
gray_gradient.bin,alpha=2_beta=7,14,iteration_best,0.5,2,7,0.2,64,250,0,0,0,5,4663.8251,1.710896
gray_gradient.bin,alpha=2_beta=7,15,iteration_best,0.5,2,7,0.2,64,250,0,0,0,5,4793.8238,1.767140
gray_gradient.bin,alpha=2_beta=8,1,iteration_best,0.5,2,8,0.2,64,250,0,0,0,5,4651.8727,1.819792
gray_gradient.bin,alpha=2_beta=8,2,iteration_best,0.5,2,8,0.2,64,250,0,0,0,5,4730.4155,1.826128
gray_gradient.bin,alpha=2_beta=8,3,iteration_best,0.5,2,8,0.2,64,250,0,0,0,5,4712.0443,1.854205
gray_gradient.bin,alpha=2_beta=8,4,iteration_best,0.5,2,8,0.2,64,250,0,0,0,5,4609.3708,1.658784
gray_gradient.bin,alpha=2_beta=8,5,iteration_best,0.5,2,8,0.2,64,250,0,0,0,5,4713.9983,1.612219
gray_gradient.bin,alpha=2_beta=8,6,iteration_best,0.5,2,8,0.2,64,250,0,0,0,5,4803.8423,1.662884
gray_gradient.bin,alpha=2_beta=8,7,iteration_best,0.5,2,8,0.2,64,250,0,0,0,5,4593.4205,1.720369
gray_gradient.bin,alpha=2_beta=8,8,iteration_best,0.5,2,8,0.2,64,250,0,0,0,5,4735.2609,1.640813
gray_gradient.bin,alpha=2_beta=8,9,iteration_best,0.5,2,8,0.2,64,250,0,0,0,5,4641.0087,1.632937
gray_gradient.bin,alpha=2_beta=8,10,iteration_best,0.5,2,8,0.2,64,250,0,0,0,5,4745.5789,1.582440
gray_gradient.bin,alpha=2_beta=8,11,iteration_best,0.5,2,8,0.2,64,250,0,0,0,5,4815.7944,1.537142
gray_gradient.bin,alpha=2_beta=8,12,iteration_best,0.5,2,8,0.2,64,250,0,0,0,5,4732.5609,1.544870
gray_gradient.bin,alpha=2_beta=8,13,iteration_best,0.5,2,8,0.2,64,250,0,0,0,5,4700.2207,1.540422
gray_gradient.bin,alpha=2_beta=8,14,iteration_best,0.5,2,8,0.2,64,250,0,0,0,5,4669.3410,1.563027
gray_gradient.bin,alpha=2_beta=8,15,iteration_best,0.5,2,8,0.2,64,250,0,0,0,5,4693.0787,1.541038
gray_gradient.bin,alpha=2.2_beta=5,1,iteration_best,0.5,2.2,5,0.2,64,250,0,0,0,5,4777.6086,1.638690
gray_gradient.bin,alpha=2.2_beta=5,2,iteration_best,0.5,2.2,5,0.2,64,250,0,0,0,5,4930.0707,1.586756
gray_gradient.bin,alpha=2.2_beta=5,3,iteration_best,0.5,2.2,5,0.2,64,250,0,0,0,5,4794.5433,1.535084
gray_gradient.bin,alpha=2.2_beta=5,4,iteration_best,0.5,2.2,5,0.2,64,250,0,0,0,5,4894.2439,1.555709
gray_gradient.bin,alpha=2.2_beta=5,5,iteration_best,0.5,2.2,5,0.2,64,250,0,0,0,5,4642.9065,1.580139
gray_gradient.bin,alpha=2.2_beta=5,6,iteration_best,0.5,2.2,5,0.2,64,250,0,0,0,5,4859.7322,1.558466
gray_gradient.bin,alpha=2.2_beta=5,7,iteration_best,0.5,2.2,5,0.2,64,250,0,0,0,5,4928.9355,1.560695
gray_gradient.bin,alpha=2.2_beta=5,8,iteration_best,0.5,2.2,5,0.2,64,250,0,0,0,5,4864.1895,1.575524
gray_gradient.bin,alpha=2.2_beta=5,9,iteration_best,0.5,2.2,5,0.2,64,250,0,0,0,5,4731.6573,1.581799
gray_gradient.bin,alpha=2.2_beta=5,10,iteration_best,0.5,2.2,5,0.2,64,250,0,0,0,5,4955.9069,1.524308
gray_gradient.bin,alpha=2.2_beta=5,11,iteration_best,0.5,2.2,5,0.2,64,250,0,0,0,5,4888.9069,1.583028
gray_gradient.bin,alpha=2.2_beta=5,12,iteration_best,0.5,2.2,5,0.2,64,250,0,0,0,5,4941.7183,1.580559
gray_gradient.bin,alpha=2.2_beta=5,13,iteration_best,0.5,2.2,5,0.2,64,250,0,0,0,5,4803.6679,1.569982
gray_gradient.bin,alpha=2.2_beta=5,14,iteration_best,0.5,2.2,5,0.2,64,250,0,0,0,5,4799.8591,1.561702
gray_gradient.bin,alpha=2.2_beta=5,15,iteration_best,0.5,2.2,5,0.2,64,250,0,0,0,5,4769.7968,1.595428
gray_gradient.bin,alpha=2.2_beta=6,1,iteration_best,0.5,2.2,6,0.2,64,250,0,0,0,5,4761.1334,1.534568
gray_gradient.bin,alpha=2.2_beta=6,2,iteration_best,0.5,2.2,6,0.2,64,250,0,0,0,5,4732.9121,1.543212
gray_gradient.bin,alpha=2.2_beta=6,3,iteration_best,0.5,2.2,6,0.2,64,250,0,0,0,5,4898.1367,1.543440
gray_gradient.bin,alpha=2.2_beta=6,4,iteration_best,0.5,2.2,6,0.2,64,250,0,0,0,5,4737.1627,1.570708
gray_gradient.bin,alpha=2.2_beta=6,5,iteration_best,0.5,2.2,6,0.2,64,250,0,0,0,5,4656.8758,1.590912
gray_gradient.bin,alpha=2.2_beta=6,6,iteration_best,0.5,2.2,6,0.2,64,250,0,0,0,5,4842.9087,1.578402
gray_gradient.bin,alpha=2.2_beta=6,7,iteration_best,0.5,2.2,6,0.2,64,250,0,0,0,5,4897.8423,1.584217
gray_gradient.bin,alpha=2.2_beta=6,8,iteration_best,0.5,2.2,6,0.2,64,250,0,0,0,5,4841.3749,1.562007
gray_gradient.bin,alpha=2.2_beta=6,9,iteration_best,0.5,2.2,6,0.2,64,250,0,0,0,5,4727.1182,1.554577
gray_gradient.bin,alpha=2.2_beta=6,10,iteration_best,0.5,2.2,6,0.2,64,250,0,0,0,5,4773.5574,1.561207
gray_gradient.bin,alpha=2.2_beta=6,11,iteration_best,0.5,2.2,6,0.2,64,250,0,0,0,5,4703.0203,1.569158
gray_gradient.bin,alpha=2.2_beta=6,12,iteration_best,0.5,2.2,6,0.2,64,250,0,0,0,5,4784.5871,1.528375
gray_gradient.bin,alpha=2.2_beta=6,13,iteration_best,0.5,2.2,6,0.2,64,250,0,0,0,5,4870.9395,1.542473
gray_gradient.bin,alpha=2.2_beta=6,14,iteration_best,0.5,2.2,6,0.2,64,250,0,0,0,5,4792.6740,1.568350
gray_gradient.bin,alpha=2.2_beta=6,15,iteration_best,0.5,2.2,6,0.2,64,250,0,0,0,5,4725.7278,1.556281
gray_gradient.bin,alpha=2.2_beta=7,1,iteration_best,0.5,2.2,7,0.2,64,250,0,0,0,5,4804.5276,1.556019
gray_gradient.bin,alpha=2.2_beta=7,2,iteration_best,0.5,2.2,7,0.2,64,250,0,0,0,5,4722.4758,1.568024
gray_gradient.bin,alpha=2.2_beta=7,3,iteration_best,0.5,2.2,7,0.2,64,250,0,0,0,5,4685.0326,1.633727
gray_gradient.bin,alpha=2.2_beta=7,4,iteration_best,0.5,2.2,7,0.2,64,250,0,0,0,5,4826.3779,1.606837
gray_gradient.bin,alpha=2.2_beta=7,5,iteration_best,0.5,2.2,7,0.2,64,250,0,0,0,5,4691.6141,1.574666
gray_gradient.bin,alpha=2.2_beta=7,6,iteration_best,0.5,2.2,7,0.2,64,250,0,0,0,5,4796.9286,1.562627
gray_gradient.bin,alpha=2.2_beta=7,7,iteration_best,0.5,2.2,7,0.2,64,250,0,0,0,5,4739.8137,1.563906
gray_gradient.bin,alpha=2.2_beta=7,8,iteration_best,0.5,2.2,7,0.2,64,250,0,0,0,5,4691.9013,1.547049
gray_gradient.bin,alpha=2.2_beta=7,9,iteration_best,0.5,2.2,7,0.2,64,250,0,0,0,5,4801.1428,1.631854
gray_gradient.bin,alpha=2.2_beta=7,10,iteration_best,0.5,2.2,7,0.2,64,250,0,0,0,5,4687.6805,1.583624
gray_gradient.bin,alpha=2.2_beta=7,11,iteration_best,0.5,2.2,7,0.2,64,250,0,0,0,5,4781.8479,1.530763
gray_gradient.bin,alpha=2.2_beta=7,12,iteration_best,0.5,2.2,7,0.2,64,250,0,0,0,5,4758.4812,1.527925
gray_gradient.bin,alpha=2.2_beta=7,13,iteration_best,0.5,2.2,7,0.2,64,250,0,0,0,5,4725.6919,1.591937
gray_gradient.bin,alpha=2.2_beta=7,14,iteration_best,0.5,2.2,7,0.2,64,250,0,0,0,5,4738.3440,1.558820
gray_gradient.bin,alpha=2.2_beta=7,15,iteration_best,0.5,2.2,7,0.2,64,250,0,0,0,5,4807.5409,1.570136
gray_gradient.bin,alpha=2.2_beta=8,1,iteration_best,0.5,2.2,8,0.2,64,250,0,0,0,5,4842.3646,1.605209
gray_gradient.bin,alpha=2.2_beta=8,2,iteration_best,0.5,2.2,8,0.2,64,250,0,0,0,5,4650.8739,1.566259
gray_gradient.bin,alpha=2.2_beta=8,3,iteration_best,0.5,2.2,8,0.2,64,250,0,0,0,5,4641.8057,1.557027
gray_gradient.bin,alpha=2.2_beta=8,4,iteration_best,0.5,2.2,8,0.2,64,250,0,0,0,5,4764.5603,1.603444
gray_gradient.bin,alpha=2.2_beta=8,5,iteration_best,0.5,2.2,8,0.2,64,250,0,0,0,5,4752.3197,1.638429
gray_gradient.bin,alpha=2.2_beta=8,6,iteration_best,0.5,2.2,8,0.2,64,250,0,0,0,5,4755.8819,1.685681
gray_gradient.bin,alpha=2.2_beta=8,7,iteration_best,0.5,2.2,8,0.2,64,250,0,0,0,5,4877.1563,1.575951
gray_gradient.bin,alpha=2.2_beta=8,8,iteration_best,0.5,2.2,8,0.2,64,250,0,0,0,5,4656.7661,1.613663
gray_gradient.bin,alpha=2.2_beta=8,9,iteration_best,0.5,2.2,8,0.2,64,250,0,0,0,5,4713.1235,1.519758
gray_gradient.bin,alpha=2.2_beta=8,10,iteration_best,0.5,2.2,8,0.2,64,250,0,0,0,5,4773.2624,1.868342
gray_gradient.bin,alpha=2.2_beta=8,11,iteration_best,0.5,2.2,8,0.2,64,250,0,0,0,5,4622.2025,1.834887
gray_gradient.bin,alpha=2.2_beta=8,12,iteration_best,0.5,2.2,8,0.2,64,250,0,0,0,5,4744.1131,1.696597
gray_gradient.bin,alpha=2.2_beta=8,13,iteration_best,0.5,2.2,8,0.2,64,250,0,0,0,5,4676.4065,1.872226
gray_gradient.bin,alpha=2.2_beta=8,14,iteration_best,0.5,2.2,8,0.2,64,250,0,0,0,5,4733.8649,1.707801
gray_gradient.bin,alpha=2.2_beta=8,15,iteration_best,0.5,2.2,8,0.2,64,250,0,0,0,5,4703.3942,1.597867
gray_gradient.bin,alpha=2.4_beta=5,1,iteration_best,0.5,2.4,5,0.2,64,250,0,0,0,5,4890.9001,1.619665
gray_gradient.bin,alpha=2.4_beta=5,2,iteration_best,0.5,2.4,5,0.2,64,250,0,0,0,5,4805.7082,1.624497
gray_gradient.bin,alpha=2.4_beta=5,3,iteration_best,0.5,2.4,5,0.2,64,250,0,0,0,5,4830.3313,1.634959
gray_gradient.bin,alpha=2.4_beta=5,4,iteration_best,0.5,2.4,5,0.2,64,250,0,0,0,5,4880.9229,1.481199
gray_gradient.bin,alpha=2.4_beta=5,5,iteration_best,0.5,2.4,5,0.2,64,250,0,0,0,5,4924.1262,1.488066
gray_gradient.bin,alpha=2.4_beta=5,6,iteration_best,0.5,2.4,5,0.2,64,250,0,0,0,5,4775.3482,1.516750
gray_gradient.bin,alpha=2.4_beta=5,7,iteration_best,0.5,2.4,5,0.2,64,250,0,0,0,5,4920.7139,1.481070
gray_gradient.bin,alpha=2.4_beta=5,8,iteration_best,0.5,2.4,5,0.2,64,250,0,0,0,5,5161.4909,1.509006
gray_gradient.bin,alpha=2.4_beta=5,9,iteration_best,0.5,2.4,5,0.2,64,250,0,0,0,5,4761.5985,1.591797
gray_gradient.bin,alpha=2.4_beta=5,10,iteration_best,0.5,2.4,5,0.2,64,250,0,0,0,5,4841.6527,1.656437
gray_gradient.bin,alpha=2.4_beta=5,11,iteration_best,0.5,2.4,5,0.2,64,250,0,0,0,5,4847.0503,1.610089
gray_gradient.bin,alpha=2.4_beta=5,12,iteration_best,0.5,2.4,5,0.2,64,250,0,0,0,5,4946.4404,1.615249
gray_gradient.bin,alpha=2.4_beta=5,13,iteration_best,0.5,2.4,5,0.2,64,250,0,0,0,5,4787.5619,1.717180
gray_gradient.bin,alpha=2.4_beta=5,14,iteration_best,0.5,2.4,5,0.2,64,250,0,0,0,5,4979.0757,1.622041
gray_gradient.bin,alpha=2.4_beta=5,15,iteration_best,0.5,2.4,5,0.2,64,250,0,0,0,5,4885.9417,1.581617
gray_gradient.bin,alpha=2.4_beta=6,1,iteration_best,0.5,2.4,6,0.2,64,250,0,0,0,5,4807.6903,1.585583
gray_gradient.bin,alpha=2.4_beta=6,2,iteration_best,0.5,2.4,6,0.2,64,250,0,0,0,5,4748.4193,1.582566
gray_gradient.bin,alpha=2.4_beta=6,3,iteration_best,0.5,2.4,6,0.2,64,250,0,0,0,5,4839.7166,1.517903
gray_gradient.bin,alpha=2.4_beta=6,4,iteration_best,0.5,2.4,6,0.2,64,250,0,0,0,5,4853.1843,1.602967
gray_gradient.bin,alpha=2.4_beta=6,5,iteration_best,0.5,2.4,6,0.2,64,250,0,0,0,5,4716.6213,1.567675
gray_gradient.bin,alpha=2.4_beta=6,6,iteration_best,0.5,2.4,6,0.2,64,250,0,0,0,5,4857.0847,1.545724
gray_gradient.bin,alpha=2.4_beta=6,7,iteration_best,0.5,2.4,6,0.2,64,250,0,0,0,5,4843.6951,1.518339
gray_gradient.bin,alpha=2.4_beta=6,8,iteration_best,0.5,2.4,6,0.2,64,250,0,0,0,5,4826.6747,1.602408
gray_gradient.bin,alpha=2.4_beta=6,9,iteration_best,0.5,2.4,6,0.2,64,250,0,0,0,5,4790.6896,1.539309
gray_gradient.bin,alpha=2.4_beta=6,10,iteration_best,0.5,2.4,6,0.2,64,250,0,0,0,5,5022.1757,1.505464
gray_gradient.bin,alpha=2.4_beta=6,11,iteration_best,0.5,2.4,6,0.2,64,250,0,0,0,5,4846.0985,1.531210
gray_gradient.bin,alpha=2.4_beta=6,12,iteration_best,0.5,2.4,6,0.2,64,250,0,0,0,5,4825.8337,1.560328
gray_gradient.bin,alpha=2.4_beta=6,13,iteration_best,0.5,2.4,6,0.2,64,250,0,0,0,5,4758.1788,1.522880
gray_gradient.bin,alpha=2.4_beta=6,14,iteration_best,0.5,2.4,6,0.2,64,250,0,0,0,5,4687.3895,1.571240
gray_gradient.bin,alpha=2.4_beta=6,15,iteration_best,0.5,2.4,6,0.2,64,250,0,0,0,5,4874.4821,1.549675
gray_gradient.bin,alpha=2.4_beta=7,1,iteration_best,0.5,2.4,7,0.2,64,250,0,0,0,5,4865.9857,1.550836
gray_gradient.bin,alpha=2.4_beta=7,2,iteration_best,0.5,2.4,7,0.2,64,250,0,0,0,5,4784.7741,1.553265
gray_gradient.bin,alpha=2.4_beta=7,3,iteration_best,0.5,2.4,7,0.2,64,250,0,0,0,5,4767.2659,1.569077
gray_gradient.bin,alpha=2.4_beta=7,4,iteration_best,0.5,2.4,7,0.2,64,250,0,0,0,5,4593.3528,1.575840
gray_gradient.bin,alpha=2.4_beta=7,5,iteration_best,0.5,2.4,7,0.2,64,250,0,0,0,5,4789.2548,1.561046
gray_gradient.bin,alpha=2.4_beta=7,6,iteration_best,0.5,2.4,7,0.2,64,250,0,0,0,5,4872.3367,1.604862
gray_gradient.bin,alpha=2.4_beta=7,7,iteration_best,0.5,2.4,7,0.2,64,250,0,0,0,5,4749.4939,1.703286
gray_gradient.bin,alpha=2.4_beta=7,8,iteration_best,0.5,2.4,7,0.2,64,250,0,0,0,5,4735.1404,1.687201
gray_gradient.bin,alpha=2.4_beta=7,9,iteration_best,0.5,2.4,7,0.2,64,250,0,0,0,5,4756.2722,1.619646
gray_gradient.bin,alpha=2.4_beta=7,10,iteration_best,0.5,2.4,7,0.2,64,250,0,0,0,5,4727.0778,1.628483
gray_gradient.bin,alpha=2.4_beta=7,11,iteration_best,0.5,2.4,7,0.2,64,250,0,0,0,5,4837.6933,1.618210
gray_gradient.bin,alpha=2.4_beta=7,12,iteration_best,0.5,2.4,7,0.2,64,250,0,0,0,5,4682.0846,1.559929
gray_gradient.bin,alpha=2.4_beta=7,13,iteration_best,0.5,2.4,7,0.2,64,250,0,0,0,5,4711.1432,1.573741
gray_gradient.bin,alpha=2.4_beta=7,14,iteration_best,0.5,2.4,7,0.2,64,250,0,0,0,5,4868.2691,1.581101
gray_gradient.bin,alpha=2.4_beta=7,15,iteration_best,0.5,2.4,7,0.2,64,250,0,0,0,5,4743.6747,1.578004
gray_gradient.bin,alpha=2.4_beta=8,1,iteration_best,0.5,2.4,8,0.2,64,250,0,0,0,5,4720.5946,1.550432
gray_gradient.bin,alpha=2.4_beta=8,2,iteration_best,0.5,2.4,8,0.2,64,250,0,0,0,5,4831.6197,1.552378
gray_gradient.bin,alpha=2.4_beta=8,3,iteration_best,0.5,2.4,8,0.2,64,250,0,0,0,5,4758.0433,1.603866
gray_gradient.bin,alpha=2.4_beta=8,4,iteration_best,0.5,2.4,8,0.2,64,250,0,0,0,5,4708.8015,1.544969
gray_gradient.bin,alpha=2.4_beta=8,5,iteration_best,0.5,2.4,8,0.2,64,250,0,0,0,5,4763.9794,1.631435
gray_gradient.bin,alpha=2.4_beta=8,6,iteration_best,0.5,2.4,8,0.2,64,250,0,0,0,5,4743.6812,1.579348
gray_gradient.bin,alpha=2.4_beta=8,7,iteration_best,0.5,2.4,8,0.2,64,250,0,0,0,5,4744.5847,1.564678
gray_gradient.bin,alpha=2.4_beta=8,8,iteration_best,0.5,2.4,8,0.2,64,250,0,0,0,5,4782.0766,1.657829
gray_gradient.bin,alpha=2.4_beta=8,9,iteration_best,0.5,2.4,8,0.2,64,250,0,0,0,5,4775.1187,1.665360
gray_gradient.bin,alpha=2.4_beta=8,10,iteration_best,0.5,2.4,8,0.2,64,250,0,0,0,5,4769.6166,1.615586
gray_gradient.bin,alpha=2.4_beta=8,11,iteration_best,0.5,2.4,8,0.2,64,250,0,0,0,5,4698.7516,1.550854
gray_gradient.bin,alpha=2.4_beta=8,12,iteration_best,0.5,2.4,8,0.2,64,250,0,0,0,5,4773.6962,1.594205
gray_gradient.bin,alpha=2.4_beta=8,13,iteration_best,0.5,2.4,8,0.2,64,250,0,0,0,5,4675.0286,1.630277
gray_gradient.bin,alpha=2.4_beta=8,14,iteration_best,0.5,2.4,8,0.2,64,250,0,0,0,5,4616.5691,1.587257
gray_gradient.bin,alpha=2.4_beta=8,15,iteration_best,0.5,2.4,8,0.2,64,250,0,0,0,5,4733.5334,1.672512
